{"cameraMode":{"drawMode":0,"name":"Shaded","section":"Shading Mode"},"sceneLighting":true,"audioPlay":false,"sceneViewState":{"showFog":true,"showMaterialUpdate":false,"showSkybox":true,"showFlares":true,"showImageEffects":true,"showParticleSystems":true},"in2DMode":false,"pivot":{"x":24.475881576538087,"y":2.5436034202575685,"z":1.473612904548645},"rotation":{"x":0.4310819208621979,"y":0.31280651688575747,"z":-0.16273190081119538,"w":0.8307006359100342},"size":2.059711217880249,"orthographic":false}