{"cameraMode":{"drawMode":0,"name":"Shaded","section":"Shading Mode"},"sceneLighting":false,"audioPlay":false,"sceneViewState":{"showFog":true,"showMaterialUpdate":false,"showSkybox":false,"showFlares":true,"showImageEffects":true,"showParticleSystems":true},"in2DMode":false,"pivot":{"x":0.019209831953048707,"y":0.834059476852417,"z":0.19434934854507447},"rotation":{"x":0.13481971621513368,"y":-0.15458902716636659,"z":0.020813480019569398,"w":0.9787516593933106},"size":1.2317821979522706,"orthographic":false}