{"cameraMode":{"drawMode":0,"name":"Shaded","section":"Shading Mode"},"sceneLighting":false,"audioPlay":false,"sceneViewState":{"showFog":true,"showMaterialUpdate":false,"showSkybox":false,"showFlares":true,"showImageEffects":true,"showParticleSystems":true},"in2DMode":false,"pivot":{"x":29.920000076293947,"y":1.4600000381469727,"z":0.0},"rotation":{"x":0.13481971621513368,"y":-0.15458902716636659,"z":0.020813480019569398,"w":0.9787516593933106},"size":1.0467091798782349,"orthographic":false}