{"cameraMode":{"drawMode":0,"name":"Shaded","section":"Shading Mode"},"sceneLighting":true,"audioPlay":false,"sceneViewState":{"showFog":true,"showMaterialUpdate":false,"showSkybox":true,"showFlares":true,"showImageEffects":true,"showParticleSystems":true},"in2DMode":false,"pivot":{"x":-4.669218063354492,"y":0.5188024640083313,"z":-2.601409912109375},"rotation":{"x":0.023070238530635835,"y":-0.25547510385513308,"z":-0.005439444445073605,"w":-0.9667973518371582},"size":2.544353723526001,"orthographic":false}