{"cameraMode":{"drawMode":0,"name":"Shaded","section":"Shading Mode"},"sceneLighting":true,"audioPlay":false,"sceneViewState":{"showFog":true,"showMaterialUpdate":false,"showSkybox":true,"showFlares":true,"showImageEffects":true,"showParticleSystems":true},"in2DMode":false,"pivot":{"x":-9.181159973144532,"y":-4.891921043395996,"z":2.1149349212646486},"rotation":{"x":0.4345044791698456,"y":-0.08245640248060227,"z":0.040050044655799869,"w":0.8960701823234558},"size":7.166269302368164,"orthographic":false}