{"cameraMode":{"drawMode":0,"name":"Shaded","section":"Shading Mode"},"sceneLighting":true,"audioPlay":false,"sceneViewState":{"showFog":true,"showMaterialUpdate":false,"showSkybox":true,"showFlares":true,"showImageEffects":true,"showParticleSystems":true},"in2DMode":false,"pivot":{"x":35.514713287353519,"y":6.289841651916504,"z":-8.72884464263916},"rotation":{"x":0.08414725959300995,"y":-0.05293678119778633,"z":0.0038055353797972204,"w":0.9952815771102905},"size":0.6073950529098511,"orthographic":false}