{"cameraMode":{"drawMode":0,"name":"Shaded","section":"Shading Mode"},"sceneLighting":true,"audioPlay":false,"sceneViewState":{"showFog":true,"showMaterialUpdate":false,"showSkybox":true,"showFlares":true,"showImageEffects":true,"showParticleSystems":true},"in2DMode":false,"pivot":{"x":0.06558895111083985,"y":4.077293395996094,"z":13.697881698608399},"rotation":{"x":0.2889130711555481,"y":0.29339927434921267,"z":0.09421844035387039,"w":-0.9066811800003052},"size":10.645832061767579,"orthographic":false}