{"cameraMode":{"drawMode":0,"name":"Shaded","section":"Shading Mode"},"sceneLighting":true,"audioPlay":false,"sceneViewState":{"showFog":true,"showMaterialUpdate":false,"showSkybox":true,"showFlares":true,"showImageEffects":true,"showParticleSystems":true},"in2DMode":false,"pivot":{"x":-4.042498588562012,"y":0.5797713398933411,"z":3.642503023147583},"rotation":{"x":0.2292121946811676,"y":0.025583170354366304,"z":-0.006619765888899565,"w":0.9732567667961121},"size":1.889014482498169,"orthographic":false}