{"cameraMode":{"drawMode":0,"name":"Shaded","section":"Shading Mode"},"sceneLighting":false,"audioPlay":false,"sceneViewState":{"showFog":true,"showMaterialUpdate":false,"showSkybox":false,"showFlares":true,"showImageEffects":true,"showParticleSystems":true},"in2DMode":false,"pivot":{"x":-0.3318377435207367,"y":1.1678930521011353,"z":-0.25652095675468447},"rotation":{"x":-0.2799886465072632,"y":-0.6175815463066101,"z":0.2510984539985657,"w":-0.6910243630409241},"size":0.135010227560997,"orthographic":false}