{"cameraMode":{"drawMode":0,"name":"Shaded","section":"Shading Mode"},"sceneLighting":true,"audioPlay":false,"sceneViewState":{"showFog":true,"showMaterialUpdate":false,"showSkybox":true,"showFlares":true,"showImageEffects":true,"showParticleSystems":true},"in2DMode":false,"pivot":{"x":-110.10369873046875,"y":11.419471740722657,"z":6.169687271118164},"rotation":{"x":0.14632081985473634,"y":-0.7148610949516296,"z":0.15664738416671754,"w":0.6658297777175903},"size":0.42352792620658877,"orthographic":false}