{"cameraMode":{"drawMode":0,"name":"Shaded","section":"Shading Mode"},"sceneLighting":true,"audioPlay":false,"sceneViewState":{"showFog":true,"showMaterialUpdate":false,"showSkybox":true,"showFlares":true,"showImageEffects":true,"showParticleSystems":true},"in2DMode":false,"pivot":{"x":1.922141671180725,"y":-6.556645393371582,"z":-17.385759353637697},"rotation":{"x":-0.015552222728729248,"y":-0.9742075204849243,"z":0.2137981653213501,"w":-0.07302647829055786},"size":12.230179786682129,"orthographic":false}