{"cameraMode":{"drawMode":0,"name":"Shaded","section":"Shading Mode"},"sceneLighting":true,"audioPlay":false,"sceneViewState":{"showFog":true,"showMaterialUpdate":false,"showSkybox":true,"showFlares":true,"showImageEffects":true,"showParticleSystems":true},"in2DMode":false,"pivot":{"x":37.70594787597656,"y":-9.034111976623536,"z":16.324115753173829},"rotation":{"x":0.2488117218017578,"y":0.21880722045898438,"z":-0.0579606331884861,"w":0.9418438076972961},"size":13.096564292907715,"orthographic":false}